Keyword,Source,Seed
google账号,Google,Google 账号
google账号注册,Google,Google 账号
google账号注册,Bing,Google 账号
google账号购买,Google,Google 账号
google账号更改地区,Google,Google 账号
google账号更改地区,Bing,Google 账号
google账号地区,Google,Google 账号
google账号地区,Bing,Google 账号
google账号创建,Google,Google 账号
google账号创建,Bing,Google 账号
google账号登录,Google,Google 账号
google账号登录,Bing,Google 账号
google账号恢复,Google,Google 账号
google账号恢复,Bing,Google 账号
google账号申诉,Google,Google 账号
google账号申诉,Bing,Google 账号
google账号修改地区,Google,Google 账号
google账号修改地区,Bing,Google 账号
google账号地区修改,Google,Google 账号
google账号地区修改,Bing,Google 账号
google账号地区查询,Google,Google 账号
google账号归属地,Google,Google 账号
google账号归属地,Bing,Google 账号
google账号管理,Google,Google 账号
google账号管理,Bing,Google 账号
google账号被停用,Google,Google 账号
google账号被停用,Bing,Google 账号
google 账号,Bing,Google 账号
google账号注册手机无法验证,Bing,Google 账号
google账号注册官网,Bing,Google 账号
google账号注册手机号无法用于验证,Bing,Google 账号
google账号登陆,Bing,Google 账号
google账号地址,Google,Google 账号
google账号地址,Bing,Google 账号
google账号地址修改,Google,Google 账号
google账号地址修改,Bing,Google 账号
google账号地区更改,Google,Google 账号
google账号地区设置,Google,Google 账号
google账号地址查询,Google,Google 账号
google账号地区怎么看,Google,Google 账号
google 账号 大全,Google,Google 账号
google账号登入,Google,Google 账号
google账号登录不了,Google,Google 账号
google账号登录不了,Bing,Google 账号
google账号代注册,Google,Google 账号
google账号登出,Google,Google 账号
google 账号登录页面,Bing,Google 账号
google账号地区查看,Bing,Google 账号
google账号登录入口,Bing,Google 账号
google账号登录手机无法验证,Bing,Google 账号
google账号电话号码无法用于验证,Bing,Google 账号
google账号安全码,Google,Google 账号
google 账号安全设置,Google,Google 账号
google账号安全,Google,Google 账号
google账号安全中心,Google,Google 账号
google账号安全中心,Bing,Google 账号
google 账号 改 地区,Google,Google 账号
google 账号 改 区,Google,Google 账号
google 账号 改 密码,Google,Google 账号
google 账号 与 设备 关联,Google,Google 账号
google 账号 改 国家,Google,Google 账号
google 账号 改 美 区,Google,Google 账号
google 账号 改 地址,Google,Google 账号
google 账号 安全 性,Google,Google 账号
google 账号 改 语言,Google,Google 账号
google 账号 改 名字,Google,Google 账号
google 账号 安全 页面,Google,Google 账号
google 账号 appeal,Bing,Google 账号
google账号app,Bing,Google 账号
google账号安全码在哪,Bing,Google 账号
google 账号安全页面,Bing,Google 账号
google账号安全性里没有安全码,Bing,Google 账号
google账号安全吗,Bing,Google 账号
google账号安全设置,Bing,Google 账号
google账号安全码错误,Bing,Google 账号
google账号风控,Google,Google 账号
google账号风控,Bing,Google 账号
google账号付款方式,Google,Google 账号
google账号付款方式,Bing,Google 账号
google账号发送短信失败,Google,Google 账号
google账号发送短信失败,Bing,Google 账号
google 账号 分享,Google,Google 账号
google 账号 分享,Bing,Google 账号
google账号服务条款,Google,Google 账号
google账号封禁,Google,Google 账号
google账号封禁,Bing,Google 账号
google账号付款,Google,Google 账号
google账号服务,Google,Google 账号
google账号发起申诉,Google,Google 账号
google账号解封,Google,Google 账号
google账号解封,Bing,Google 账号
google账号无法登陆,Google,Google 账号
google账号无法登陆,Bing,Google 账号
google账号无法登录,Google,Google 账号
google账号无法登录,Bing,Google 账号
google账号被封,Google,Google 账号
google账号被封,Bing,Google 账号
google账号找回,Google,Google 账号
google账号找回,Bing,Google 账号
google账号封禁申诉,Bing,Google 账号
google账号封禁原因,Bing,Google 账号
google账号辅助邮箱,Bing,Google 账号
google账号发送验证码,Bing,Google 账号
google账号封禁怎么申诉,Bing,Google 账号
google账号辅助邮箱修改,Bing,Google 账号
google账号封号,Bing,Google 账号
google账号二维码,Google,Google 账号
google账号二维码,Bing,Google 账号
google voice 永久 账号 购买,Google,Google 账号
google voice 永久 账号,Google,Google 账号
google edu 账号,Google,Google 账号
google gmail账号,Google,Google 账号
google 账号注册,Google,Google 账号
google账号无法连接到互联网,Google,Google 账号
登录 - google 账号ejdj rjh,Google,Google 账号
edge 登录google账号,Google,Google 账号
google账号二次验证,Bing,Google 账号
google账号查看地区,Google,Google 账号
google账号查看地区,Bing,Google 账号
google账号尝试失败的次数过多,Google,Google 账号
google账号充值,Google,Google 账号
google账号充值,Bing,Google 账号
google账号查询,Google,Google 账号
google账号重置密码,Google,Google 账号
google账号创建时间,Google,Google 账号
google账号创建不了,Google,Google 账号
google账号创建失败,Google,Google 账号
google账号创建失败,Bing,Google 账号
google账号 此电话号码无法用于进行验证。,Google,Google 账号
google账号查看注册时间,Google,Google 账号
google 账号查看地址,Google,Google 账号
google账号创建手机号无法验证,Bing,Google 账号
google账号此电话号码无法用于验证,Bing,Google 账号
google 账号创建页面,Bing,Google 账号
google 账号存在异常活动,Bing,Google 账号
google账号出售,Bing,Google 账号
google 账号 被 停 用 怎么 解决,Google,Google 账号
google账号被封禁,Google,Google 账号
google账号被封禁,Bing,Google 账号
google账号被停用申诉,Google,Google 账号
google账号被停用申诉,Bing,Google 账号
google账号绑定银行卡,Google,Google 账号
google账号绑定银行卡,Bing,Google 账号
google账号被删除,Google,Google 账号
google账号被删除,Bing,Google 账号
google账号帮助,Google,Google 账号
google账号帮助,Bing,Google 账号
google账号被锁定,Google,Google 账号
google账号被锁定,Bing,Google 账号
google账号绑卡,Google,Google 账号
google 账号 被 限制 登录 怎么 办,Google,Google 账号
google账号被停用怎么办,Google,Google 账号
google账号被停用怎么办,Bing,Google 账号
google账号帮助中心,Google,Google 账号
google账号被盗怎么办,Google,Google 账号
google账号被盗,Google,Google 账号
google账号被盗,Bing,Google 账号
google 账号不能使用gemini,Bing,Google 账号
google账号绑定的手机号码换号了,Bing,Google 账号
google账号国家,Google,Google 账号
google账号更改国家,Google,Google 账号
google账号更改国家,Bing,Google 账号
google账号改区,Google,Google 账号
google账号改区,Bing,Google 账号
google账号管理中心,Google,Google 账号
google账号关联地区更改请求,Google,Google 账号
google账号关联地区,Google,Google 账号
google账号更改地址,Google,Google 账号
google账号归属地查询,Google,Google 账号
google账号归属,Google,Google 账号
google账号关联地区更改,Google,Google 账号
google账号更改密码,Google,Google 账号
google 账号购买,Bing,Google 账号
google账号改地区,Bing,Google 账号
google账号共享,Bing,Google 账号
google账号购买平台,Bing,Google 账号
google账号官网,Bing,Google 账号
google账号格式,Bing,Google 账号
google账号更换地区,Bing,Google 账号
google账号换区,Google,Google 账号
google账号换区,Bing,Google 账号
google 账号和设备偏好设置,Google,Google 账号
google账号恢复申诉,Google,Google 账号
google账号恢复申诉,Bing,Google 账号
google账号换手机,Google,Google 账号
google账号换手机号码,Google,Google 账号
google账号忘记密码,Google,Google 账号
google账号忘记密码,Bing,Google 账号
google账号恢复页面,Bing,Google 账号
google账号后缀,Bing,Google 账号
google账号恢复手机无法验证,Bing,Google 账号
google账号后缀是什么,Bing,Google 账号
google账号换地区,Bing,Google 账号
google账号换邮箱,Bing,Google 账号
google账号恢复网站,Bing,Google 账号
google账号和谷歌邮箱是一样的吗,Bing,Google 账号
google账号密码修改,Google,Google 账号
google账号密码修改,Bing,Google 账号
google账号密码,Google,Google 账号
google账号美区,Google,Google 账号
google账号免手机号注册,Google,Google 账号
google账号免手机号注册,Bing,Google 账号
google 账号 密码 忘记 了 怎么 办,Google,Google 账号
google账号免费注册,Google,Google 账号
google账号密码找回,Google,Google 账号
google账号密码找回,Bing,Google 账号
google 账号 免费,Google,Google 账号
google账号密码忘了,Google,Google 账号
google账号密码重置,Google,Google 账号
google账号密码忘记了怎么找回,Google,Google 账号
google账号密码免费,Google,Google 账号
google 账号 密码 查看,Google,Google 账号
google账号密码格式,Bing,Google 账号
google账号密码忘记了怎么办,Bing,Google 账号
google账号免费分享,Bing,Google 账号
google 账号 美区,Bing,Google 账号
google账号无法创建,Google,Google 账号
google账号无法创建,Bing,Google 账号
google账号无法注册,Google,Google 账号
google账号无法注册,Bing,Google 账号
google账号无法使用gemini,Google,Google 账号
google账号无法使用gemini,Bing,Google 账号
google 账号 美国地址生成,Bing,Google 账号
google账号可以修改吗,Google,Google 账号
google账号可以修改吗,Bing,Google 账号
google 账号 客服,Google,Google 账号
google账号可以注销吗,Google,Google 账号
google账号可以注销吗,Bing,Google 账号
google账号可以登录几个设备,Bing,Google 账号
google账号可以用中国号码吗,Bing,Google 账号
google账号可以登录多台设备吗,Bing,Google 账号
google账号开启两步验证,Bing,Google 账号
google账号客服,Bing,Google 账号
google账号可以改名字吗,Bing,Google 账号
google账号会自动注销吗,Bing,Google 账号
google账号可以修改邮箱吗,Bing,Google 账号
google账号卡网,Bing,Google 账号
google账号可以干什么,Bing,Google 账号
google账号两步验证,Google,Google 账号
google账号两步验证,Bing,Google 账号
google账号类型,Google,Google 账号
google账号类型,Bing,Google 账号
google账号老是被封,Bing,Google 账号
google账号里都有什么信息,Bing,Google 账号
google账号救援,Google,Google 账号
google账号救援,Bing,Google 账号
google账号接码,Google,Google 账号
google账号接码,Bing,Google 账号
google 账号 注册 接 码,Google,Google 账号
google 账号 接 码 平台,Google,Google 账号
google 账号 注册 教程,Google,Google 账号
google账号加速器,Bing,Google 账号
google账号解绑手机号,Bing,Google 账号
google账号交易,Bing,Google 账号
google账号镜像,Bing,Google 账号
google账号就是gmail邮箱吗,Bing,Google 账号
google账号检查器,Bing,Google 账号
google账号接码平台,Bing,Google 账号
google账号解绑设备,Bing,Google 账号
google账号即将被删除,Bing,Google 账号
google账号年龄验证,Google,Google 账号
google账号年龄验证,Bing,Google 账号
google账号年龄,Google,Google 账号
google账号能注销吗,Google,Google 账号
google 账号 国内 手机 号,Google,Google 账号
google 账号 如何 转 区,Google,Google 账号
google 账号 如何 改 区,Google,Google 账号
谷歌 账号 哪个 区 好,Google,Google 账号
谷歌 账号 能 干什么,Google,Google 账号
google账号年龄认证,Bing,Google 账号
google账号能改吗,Bing,Google 账号
google账号能改名字吗,Bing,Google 账号
google账号能用qq邮箱吗,Bing,Google 账号
google账号能干什么,Bing,Google 账号
google 账号 修改 地区,Google,Google 账号
google 账号 修改,Google,Google 账号
google 账号 修改 密码,Google,Google 账号
google 账号 修改 国家,Google,Google 账号
google 账号 修改 国家 地区,Google,Google 账号
google 账号 修改 手机 号,Google,Google 账号
google 账号 修改 地址,Google,Google 账号
google 账号 修改 语言,Google,Google 账号
google 账号 重 置 密码,Google,Google 账号
google 账号 收 不 到 验证 码,Google,Google 账号
google 账号 修改 年龄,Google,Google 账号
google 账号 送 中,Google,Google 账号
google 账号 修改 邮箱,Google,Google 账号
google 账号 修改 辅助 邮箱,Google,Google 账号
google 账号 修改 名字,Google,Google 账号
google账号区域,Google,Google 账号
google账号区域,Bing,Google 账号
google账号区域更改,Bing,Google 账号
google账号ip,Bing,Google 账号
google账号id,Bing,Google 账号
google账号批量注册,Google,Google 账号
google账号批量注册,Bing,Google 账号
google 账号 pin 码,Google,Google 账号
google play 账号,Google,Google 账号
google play 账号 购买,Google,Google 账号
google ai pro 账号,Google,Google 账号
google play 账号 注册,Google,Google 账号
google play 退出 账号,Google,Google 账号
google ai pro 账号 购买,Google,Google 账号
google play 删除 账号,Google,Google 账号
google play 游戏 账号,Google,Google 账号
google play 切换 账号,Google,Google 账号
google play 美国 账号,Google,Google 账号
google play 完成账号设置,Google,Google 账号
google play账号地区,Google,Google 账号
登录 google 账号 play store,Google,Google 账号
google 账号 批发,Bing,Google 账号
google账号pin码,Bing,Google 账号
google账号如何修改所在国家地区,Google,Google 账号
google账号如何更改地区,Google,Google 账号
google账号如何更改地区,Bing,Google 账号
google账号如何注销,Google,Google 账号
google账号如何注销,Bing,Google 账号
google账号如何修改地区,Google,Google 账号
google账号如何设置地区,Google,Google 账号
google账号如何退出,Google,Google 账号
google账号如何退出,Bing,Google 账号
google账号如何注册,Google,Google 账号
google账号如何注册,Bing,Google 账号
google账号如何更改国家,Google,Google 账号
google账号如何换区,Google,Google 账号
google账号如何与设备关联,Google,Google 账号
google账号如何与设备关联,Bing,Google 账号
google 账号 人工 客服,Google,Google 账号
google账号如何修改密码,Google,Google 账号
google账号如何查看地区,Google,Google 账号
google账号如何申请,Google,Google 账号
google账号如何申请,Bing,Google 账号
google账号如何切换地区,Google,Google 账号
google账号人机验证,Bing,Google 账号
google账号如何申诉,Bing,Google 账号
google账号如何改地区,Bing,Google 账号
google账号如何关联设备,Bing,Google 账号
google账号认证,Bing,Google 账号
google账号如何创建,Bing,Google 账号
google账号切换地区,Google,Google 账号
google账号切换地区,Bing,Google 账号
google账号切换,Google,Google 账号
google账号切换区域,Google,Google 账号
google账号迁移,Google,Google 账号
google账号切换美区,Google,Google 账号
google 账号 切换 国家,Google,Google 账号
google 账号 该 区,Google,Google 账号
google 账号 该 地区,Google,Google 账号
谷歌 账号 区域 设置,Google,Google 账号
google账号 迁移,Bing,Google 账号
google账号切换国家,Bing,Google 账号
google账号确认年龄,Bing,Google 账号
google账号申请,Google,Google 账号
google账号申请,Bing,Google 账号
google 账号 申诉 入口,Google,Google 账号
google账号设置,Google,Google 账号
google账号设置,Bing,Google 账号
google账号尚未与设备关联,Google,Google 账号
google账号手机号无法验证,Google,Google 账号
google账号手机号无法验证,Bing,Google 账号
google账号手机号,Google,Google 账号
google 账号尚未与设备关联。要安装应用 请先访问设备上的 play 商店应用。 了解详情,Google,Google 账号
google账号设置地区,Google,Google 账号
google账号设置地区,Bing,Google 账号
google账号申诉理由,Google,Google 账号
google账号手机验证,Google,Google 账号
google账号手机验证,Bing,Google 账号
google账号所在地,Google,Google 账号
google账号申诉模板,Google,Google 账号
google账号申诉模板,Bing,Google 账号
google账号设置国家,Google,Google 账号
google账号所在地区,Google,Google 账号
google账号尚未与设备关联怎么解决,Bing,Google 账号
google账号申诉必过模板,Bing,Google 账号
google账号申诉原因,Bing,Google 账号
google 账号 手机,Bing,Google 账号
google账号手机号换了,Bing,Google 账号
google账号停用,Google,Google 账号
google账号停用,Bing,Google 账号
google账号添加付款方式,Google,Google 账号
google账号添加付款方式,Bing,Google 账号
google账号退出,Google,Google 账号
google账号退出,Bing,Google 账号
google账号退出登录,Google,Google 账号
google账号退出登录,Bing,Google 账号
google账号同步,Google,Google 账号
google账号跳过手机验证,Google,Google 账号
google账号跳过手机验证,Bing,Google 账号
google账号添加设备,Google,Google 账号
google账号停用怎么办,Google,Google 账号
google账号停用怎么办,Bing,Google 账号
google 账号 停 用 申诉,Google,Google 账号
google 账号 头像,Google,Google 账号
google 账号 登录 推 特,Google,Google 账号
google账号停用申诉,Bing,Google 账号
google账号停用申诉模板,Bing,Google 账号
google账号通行密钥,Bing,Google 账号
google账号添加信用卡,Bing,Google 账号
google账号停用 申诉文,Bing,Google 账号
google账号头像,Bing,Google 账号
google voice 账号,Google,Google 账号
google voice 账号 购买,Google,Google 账号
google voice 账号 被 封,Google,Google 账号
google voice 账号 转移,Google,Google 账号
google voice 账号 注册,Google,Google 账号
google vpn 此 账号 无法 使用,Google,Google 账号
google voice 账号 被 回收,Google,Google 账号
google 账号 注册 verify some info before creating an account,Google,Google 账号
google voice 此 账号 无法 使用,Google,Google 账号
google 账号 移 除,Google,Google 账号
google 账号 移 除 设备,Google,Google 账号
google ai ultra 账号,Google,Google 账号
google 账号 管理 器,Google,Google 账号
google 云 账号,Google,Google 账号
google 虚拟 账号,Google,Google 账号
google 浏览 器 账号 退出,Google,Google 账号
google ai ultra 账号 购买,Google,Google 账号
google ultra 账号,Google,Google 账号
如何 把 google 账号 移 除,Google,Google 账号
登录 google 账号 whatsapp,Google,Google 账号
google 账号位置,Google,Google 账号
google账号无法享受此优惠,Google,Google 账号
google 账号 无法 登陆 tiktok,Google,Google 账号
google账号为什么被停用,Google,Google 账号
google账号未与设备关联,Google,Google 账号
google账号未与设备关联,Bing,Google 账号
google账号无法订阅gemini,Google,Google 账号
google账号无法验证,Google,Google 账号
google账号无法恢复,Google,Google 账号
google账号无法访问gemini,Google,Google 账号
google账号无法验证归您所有,Bing,Google 账号
google账号wave,Bing,Google 账号
google账号waze,Bing,Google 账号
google账号wufu,Bing,Google 账号
google账号watch,Bing,Google 账号
google 注册 api,Google,Google 注册
google voice 注册 apple id,Google,Google 注册
google 帐号 注册 apple,Google,Google 注册
google注册,Google,Google 注册
google注册,Bing,Google 注册
google注册跳过手机验证,Google,Google 注册
google注册跳过手机验证,Bing,Google 注册
国内注册google,Google,Google 注册
国内注册google账号,Google,Google 注册
google注册官网,Bing,Google 注册
google注册手机无法验证,Bing,Google 注册
google 注册账号 手机号 无法验证,Bing,Google 注册
google注册账号,Google,Google 注册
google注册账号,Bing,Google 注册
google注册不能使用大陆手机验证,Bing,Google 注册
google注册邮箱,Google,Google 注册
google注册邮箱,Bing,Google 注册
google注册扫码,Google,Google 注册
google注册扫码,Bing,Google 注册
google注册跳过手机号,Google,Google 注册
google注册跳过手机号,Bing,Google 注册
google注册手机号,Google,Google 注册
google注册手机号,Bing,Google 注册
google 注册 二维码,Bing,Google 注册
google注册账号官网,Bing,Google 注册
google账号修改国家地区,Google,Google 账号
google账号学生认证,Google,Google 账号
google账号学生认证,Bing,Google 账号
google账号修改国家,Google,Google 账号
google账号修改国家,Bing,Google 账号
google账号修改密码,Google,Google 账号
google账号修改密码,Bing,Google 账号
google账号信息,Google,Google 账号
google账号修改年龄,Google,Google 账号
google账号修改年龄,Bing,Google 账号
google账号修改语言,Google,Google 账号
google账号修改地址,Google,Google 账号
google账号修改地址,Bing,Google 账号
google账号修改手机号,Google,Google 账号
google账号修改,Google,Google 账号
google 账号修改区域,Google,Google 账号
google账号下载,Google,Google 账号
google账号下载,Bing,Google 账号
google 账号修改归属地,Google,Google 账号
google账号新建,Google,Google 账号
google账号需要手机验证,Bing,Google 账号
google 账号修改语言,Bing,Google 账号
google 账号邮箱,Google,Google 账号
google 账号邮箱,Bing,Google 账号
google账号验证年龄,Google,Google 账号
google账号验证年龄,Bing,Google 账号
google账号验证,Google,Google 账号
google账号验证,Bing,Google 账号
google账号语言设置,Google,Google 账号
google 账号邮箱修改,Google,Google 账号
google 账号邮箱修改,Bing,Google 账号
google 账号与设备偏好,Google,Google 账号
google 账号 已 停 用 此 账号 似乎 违反 了 google 的 政策 教 你 申诉 解决,Google,Google 账号
google账号异常活动,Google,Google 账号
google账号验证手机号,Google,Google 账号
google账号验证手机号,Bing,Google 账号
google账号与设备关联,Google,Google 账号
google账号已停用,Google,Google 账号
google账号已停用,Bing,Google 账号
google账号用不了gemini,Google,Google 账号
google账号用不了gemini,Bing,Google 账号
google账号验证身份,Google,Google 账号
google账号验证身份,Bing,Google 账号
google账号异常,Google,Google 账号
google账号异常,Bing,Google 账号
google账号养号,Google,Google 账号
google账号 养号,Bing,Google 账号
google账号邮箱注册,Bing,Google 账号
google账号要验证,Bing,Google 账号
google注册使用您的手机扫描二维码,Google,Google 注册
google注册教程,Google,Google 注册
google注册教程,Bing,Google 注册
google 注册账号 免手机,Google,Google 注册
google注册要扫码,Google,Google 注册
google注册要扫码,Bing,Google 注册
google注册美区账号,Google,Google 注册
google注册美区账号,Bing,Google 注册
google注册验证手机号,Google,Google 注册
google注册验证手机号,Bing,Google 注册
google 注册美国账号,Google,Google 注册
google注册发送短信,Google,Google 注册
google注册接码,Google,Google 注册
google注册接码,Bing,Google 注册
google注册为什么电话号码不能应证,Bing,Google 注册
google注册不了,Google,Google 注册
google注册不了,Bing,Google 注册
google 注册 美国 账号,Google,Google 注册
google 注册 美国,Google,Google 注册
google 注册 美国 手机 号,Google,Google 注册
google 注册 没 手机,Google,Google 注册
google voice 注册 微信,Google,Google 注册
google voice 可以 注册 微信 吗,Google,Google 注册
google voice 注册 后 没有 号码,Google,Google 注册
google voice 注册 美国 手机 号,Google,Google 注册
google voice 号码 注册 微信,Google,Google 注册
如何 注册 google 美国 账号,Google,Google 注册
注册美国地区google账号,Google,Google 注册
google注册表无法删除,Bing,Google 注册
google注册表删除时出错,Bing,Google 注册
google注册步骤,Bing,Google 注册
google注册不用手机号,Bing,Google 注册
google注册表位置,Bing,Google 注册
google注册不上,Bing,Google 注册
google注册表删除不了,Bing,Google 注册
google注册不能用中国的手机,Bing,Google 注册
google注册表清理,Bing,Google 注册
google注册表删不了,Bing,Google 注册
google账号怎么改地区,Google,Google 账号
google账号怎么改地区,Bing,Google 账号
google账号注销,Google,Google 账号
google账号注销,Bing,Google 账号
google账号怎么注册,Google,Google 账号
google账号怎么注册,Bing,Google 账号
google账号怎么看地区,Google,Google 账号
google账号注册教程,Google,Google 账号
google账号注册扫码,Google,Google 账号
google账号注册扫码,Bing,Google 账号
google账号转区,Google,Google 账号
google 账号中添加付款方式,Google,Google 账号
google账号怎么注销,Google,Google 账号
google账号注册二维码,Google,Google 账号
google账号怎么退出,Google,Google 账号
google账号怎么改国家,Google,Google 账号
google账号注册需要扫码,Google,Google 账号
google账号注册跳过手机,Bing,Google 账号
google账号注册扫描二维码,Bing,Google 账号
google账号注册官网入口,Bing,Google 账号
google注册此电话号码无法用于进行验证,Google,Google 注册
google注册 此号码无法用于验证,Google,Google 注册
google注册 此号码无法用于验证,Bing,Google 注册
google cloud 注册,Google,Google 注册
google cloud 怎么 注册,Google,Google 注册
google cloud 中国 注册,Google,Google 注册
google cloud 注册 教程,Google,Google 注册
google voice 可以 注册 claude 吗,Google,Google 注册
google voice 注册 claude,Google,Google 注册
google cloud注册失败,Google,Google 注册
google cloud 国内 注册,Google,Google 注册
google cloud platform 注册,Google,Google 注册
google chrome注册,Google,Google 注册
google cloud 注册 地址,Google,Google 注册
google cloud 免费 注册,Google,Google 注册
google cloud 无法 注册,Google,Google 注册
google注册此电话号码无法用于验证,Bing,Google 注册
google注册此电话号码已用过太多次,Bing,Google 注册
google注册地址,Google,Google 注册
google注册地址,Bing,Google 注册
google 注册地,Google,Google 注册
google注册短信,Google,Google 注册
google注册电话号码无法用于验证,Google,Google 注册
google注册电话号码无法用于验证,Bing,Google 注册
google 注册 代码,Google,Google 注册
google drive 注册,Google,Google 注册
google 账号 代 注册,Google,Google 注册
google 代 注册,Google,Google 注册
google 邮箱 代 注册,Google,Google 注册
google cloud 大陆 注册,Google,Google 注册
google 账号 注册 大陆 手机 号,Google,Google 注册
大陆 注册 google,Google,Google 注册
大陆 注册 google 账号,Google,Google 注册
大陆 注册 google 邮箱,Google,Google 注册
中国 大陆 注册 google 账号,Google,Google 注册
google注册电话号码无法验证,Bing,Google 注册
google注册短信发送失败,Bing,Google 注册
google注册弹出二维码,Bing,Google 注册
google注册电话无法验证,Bing,Google 注册
google注册发短信,Google,Google 注册
google注册发短信,Bing,Google 注册
google 注册 验证,Google,Google 注册
google 注册 号码,Google,Google 注册
google 注册 验证 码,Google,Google 注册
google 注册 中国,Google,Google 注册
谷歌 注册 方法,Google,Google 注册
google注册发送短信失败,Bing,Google 注册
google注册方法,Google,Google 注册
google注册方法,Bing,Google 注册
google 注册 域名,Google,Google 注册
google 账号 注册 入口,Google,Google 注册
google 账号 注册 官网 入口,Google,Google 注册
google 邮箱 注册 入口,Google,Google 注册
google 帐号 注册 ios,Google,Google 注册
google 注册 网 域,Google,Google 注册
google 注册 验证 手机 号,Google,Google 注册
google 注册 邮箱,Google,Google 注册
google 注册 页面,Google,Google 注册
google注册二维码,Google,Google 注册
google 注册 email,Google,Google 注册
google earth engine 注册,Google,Google 注册
google for education 注册,Google,Google 注册
google 注册,Google,Google 注册
google voice 注册 2022,Google,Google 注册
edu 邮箱 注册 google,Google,Google 注册
谷歌注册接码,Google,Google 注册
google注册机,Google,Google 注册
google注册机,Bing,Google 注册
google注册接码平台,Bing,Google 注册
google注册加速,Bing,Google 注册
google注册加速器,Bing,Google 注册
google gmail 注册,Google,Google 注册
google 注册 手机 号,Google,Google 注册
google 邮箱 注册 手机 号 无法 验证,Google,Google 注册
google 注册 手机 号 无法 验证,Google,Google 注册
google 账号 注册 手机 号 无法 用 于 验证,Google,Google 注册
google 账号 注册 电话 号码 无法 用 于 注册,Google,Google 注册
google 账号 注册 手机 号,Google,Google 注册
google 注册 此 号码 无法 用 于 验证,Google,Google 注册
google 注册 电话 号码 无法 用 于 验证,Google,Google 注册
google 邮箱 注册 手机 号,Google,Google 注册
google gemini 注册,Google,Google 注册
google voice 号码 注册,Google,Google 注册
giffgaff 注册 google,Google,Google 注册
giffgaff 注册 google voice,Google,Google 注册
google注册谷歌账号,Bing,Google 注册
google注册公司邮箱,Bing,Google 注册
google注册国外账号,Bing,Google 注册
google注册国内手机号,Bing,Google 注册
google注册line,Google,Google 注册
google注册流程,Google,Google 注册
google 注册 教程,Google,Google 注册
谷歌 注册 流程,Google,Google 注册
google注册临时手机号,Bing,Google 注册
google 注册 公司,Google,Google 注册
google 注册 脚本,Google,Google 注册
google 注册 会员,Google,Google 注册
google 注册 国家,Google,Google 注册
google 注册 官网,Google,Google 注册
google 注册 国内,Google,Google 注册
google 注册 限制,Google,Google 注册
google 注册 公司 帐号,Google,Google 注册
google voice 注册 教程,Google,Google 注册
google 账号 注册 教程 手机 无法 用 于 验证,Google,Google 注册
google voice 可以 注册 telegram 吗,Google,Google 注册
google voice 可以 注册 whatsapp 吗,Google,Google 注册
google 邮箱 注册 教程,Google,Google 注册
google 注册 不了,Google,Google 注册
google 注册 不用 手机 号,Google,Google 注册
google 注册 不用 电话 号码,Google,Google 注册
google 注册 不能 用 中国 的 手机,Google,Google 注册
google voice 注册 whatsapp 不是 美国 的 有效 电话 号码,Google,Google 注册
google voice 注册 whatsapp 被 封,Google,Google 注册
google voice 注册不了,Google,Google 注册
google 账号 注册 不了,Google,Google 注册
google voice 注册 方法,Google,Google 注册
google voice 注册 telegram 被 封,Google,Google 注册
google play 注册 不了,Google,Google 注册
google 账号 注册 不用 手机 号,Google,Google 注册
google fi 注册,Google,Google 注册
为什么 google 注册 不了,Google,Google 注册
google注册号码无法用于验证,Bing,Google 注册
google play 注册,Google,Google 注册
google pay 注册,Google,Google 注册
google play 设备 注册,Google,Google 注册
google pay 注册 邮箱,Google,Google 注册
google play 预 注册,Google,Google 注册
google voice 注册 paypal,Google,Google 注册
google play 怎么 注册,Google,Google 注册
google pay 怎么 注册,Google,Google 注册
google 注册 this phone number cannot be used for verification,Google,Google 注册
google voice可以注册paypal吗,Google,Google 注册
google play注册邮箱,Google,Google 注册
google play 注册 开发 者,Google,Google 注册
google ai pro 注册,Google,Google 注册
google注册码,Google,Google 注册
google注册美区,Google,Google 注册
google注册 免手机,Google,Google 注册
google 注册 免 手机 号,Google,Google 注册
google 注册 免 电话,Google,Google 注册
google 注册 免 验证,Google,Google 注册
google 注册 免 手机 2025,Google,Google 注册
google 注册 免 手机 2024,Google,Google 注册
google 注册 免 手机 技巧,Google,Google 注册
google 注册 店家,Google,Google 注册
google 邮箱 注册 免 手机 号,Google,Google 注册
google gmail注册,Google,Google 注册
google 开发 者 注册,Google,Google 注册
google 注册 没有信用卡,Bing,Google 注册
google注册美国账号,Bing,Google 注册
google注册免手机号,Bing,Google 注册
google注册无法验证手机号,Bing,Google 注册
google voice 注册 qq,Google,Google 注册
google voice可以注册qq吗,Google,Google 注册
google 注册 收 不 到 验证 码,Google,Google 注册
google voice 注册 telegram 收 不 到 验证 码,Google,Google 注册
google one 注册,Google,Google 注册
google 邮箱注册 收不到验证码,Google,Google 注册
google voice注册抖音,Google,Google 注册
google 手机 注册 太 多 次,Google,Google 注册
outlook注册google,Google,Google 注册
注册 多 个 google 账号,Google,Google 注册
大陆注册google账号,Google,Google 注册
google注册日期,Google,Google 注册
google 注册 流程,Google,Google 注册
google voice 注册 流程,Google,Google 注册
google ads注册流程,Google,Google 注册
google rcs 注册,Google,Google 注册
google 邮箱 注册 流程,Google,Google 注册
google注册入口,Bing,Google 注册
google注册绕过手机号,Bing,Google 注册
google注册如何跳过手机,Bing,Google 注册
google注册输入的接收者无效,Google,Google 注册
google注册输入的接收者无效,Bing,Google 注册
google注册手机验证,Google,Google 注册
google注册扫描二维码,Google,Google 注册
google注册时间,Google,Google 注册
google注册手机号无法验证,Google,Google 注册
google注册手机号无法验证,Bing,Google 注册
google注册扫码验证,Google,Google 注册
google注册扫码验证,Bing,Google 注册
google 注册商家,Google,Google 注册
google注册 手机,Google,Google 注册
google注册失败,Google,Google 注册
google注册失败,Bing,Google 注册
google注册手机扫码,Google,Google 注册
google注册手机号验证,Google,Google 注册
google 注册 新 账号,Google,Google 注册
google注册手机号无法用于验证,Bing,Google 注册
google注册 手机扫码,Bing,Google 注册
注册google账号,Bing,Google 注册
google注册跳过扫码,Google,Google 注册
google 注册 中国 手机 号,Google,Google 注册
google 注册 手机,Google,Google 注册
google 注册 地址,Google,Google 注册
google 注册 机,Google,Google 注册
google 注册 手机 验证,Google,Google 注册
google 注册 短信,Google,Google 注册
google 注册 地,Google,Google 注册
google 注册 telegram,Google,Google 注册
google 注册 手机 号 验证,Google,Google 注册
google注册条件,Bing,Google 注册
google注册telegram,Bing,Google 注册
google注册跳过证明您不是自动程序,Bing,Google 注册
google注册梯子,Bing,Google 注册
google注册跳过电话,Bing,Google 注册
google voice 注册,Google,Google 注册
google voice 注册,Bing,Google 注册
google voice 注册 telegram,Google,Google 注册
google voice 怎么 注册,Google,Google 注册
google voice 注册 whatsapp,Google,Google 注册
google voice 注册 电报,Google,Google 注册
google voice 注册 2025,Google,Google 注册
google voice 注册 tg,Google,Google 注册
google voice 无法 注册,Google,Google 注册
talkatone 注册 google voice,Google,Google 注册
google workspace 注册,Google,Google 注册
google workspace注册教程,Google,Google 注册
google workspace 怎么 注册,Google,Google 注册
google 注册 手机 无法 验证,Google,Google 注册
谷歌 注册 网址,Google,Google 注册
google注册完,Bing,Google 注册
google注册网址,Bing,Google 注册
google 注册 虚拟 手机 号,Google,Google 注册
google 注册 虚拟 号码,Google,Google 注册
google voice 无法 注册 whatsapp,Google,Google 注册
google 云 注册,Google,Google 注册
google voice 注册wechat,Google,Google 注册
google voice可以注册wechat吗,Google,Google 注册
google scholar url 注册,Google,Google 注册
google 云 盘 注册,Google,Google 注册
google 注册 验证手机,Google,Google 注册
google 注册 美 区 账号,Google,Google 注册
google 注册 美 区,Google,Google 注册
google 注册 要 手机 号,Google,Google 注册
google 注册 要 电话,Google,Google 注册
google 注册 要 手机,Google,Google 注册
google 用户 注册,Google,Google 注册
google 账号 注册 要 扫 码,Google,Google 注册
google play预注册游戏,Google,Google 注册
google play注册美区账号,Google,Google 注册
google 游戏 注册,Google,Google 注册
line 用 google 注册,Google,Google 注册
google注册邮箱入口,Bing,Google 注册
google 注册页面,Bing,Google 注册
google 注册验证码,Bing,Google 注册
google注册要手机号,Bing,Google 注册
google注册要手机扫码,Bing,Google 注册
google注册要扫二维码了,Bing,Google 注册
google注册邮箱用国内手机,Bing,Google 注册
google 注册新账号,Google,Google 注册
google注册需要手机号,Google,Google 注册
google注册需要手机号,Bing,Google 注册
google注册需要扫码,Google,Google 注册
google注册需要扫码,Bing,Google 注册
google注册信箱,Google,Google 注册
google注册新帐户,Google,Google 注册
google 注册 line,Google,Google 注册
google 注册 line 帐号,Google,Google 注册
google voice 注册 line,Google,Google 注册
google voice 可以 注册 line 吗,Google,Google 注册
google邮箱注册line,Google,Google 注册
google voice 注册 x,Google,Google 注册
google 账号 注册 x,Google,Google 注册
用 google 注册 line,Google,Google 注册
怎么 用 google 注册 line,Google,Google 注册
google注册需要手机扫码,Google,Google 注册
google注册需要手机扫码,Bing,Google 注册
google注册新账号,Bing,Google 注册
google注册需要什么,Bing,Google 注册
google注册需要手机扫描,Bing,Google 注册
google注册需要验证手机号码怎么办,Bing,Google 注册
google注册小助手,Bing,Google 注册
google注册虚拟手机号,Bing,Google 注册
google注册需要扫描二维码,Bing,Google 注册
google注册账号手机验证怎么弄,Google,Google 注册
google注册账号手机验证怎么弄,Bing,Google 注册
google 注册 中国手机号,Google,Google 注册
google 注册 中国手机号,Bing,Google 注册
google注册账号入口,Google,Google 注册
google注册账号入口,Bing,Google 注册
google 注册账号 此电话号码无法用于进行验证。,Google,Google 注册
google 注册 需要 手机 号,Google,Google 注册
google 注册 需要 扫 码,Google,Google 注册
google 注册 需要 发送 短信,Google,Google 注册
google 注册 需要 发 短信,Google,Google 注册
google 注册 需要 手机,Google,Google 注册
google 账号 自动 注册,Google,Google 注册
google voice 注册 条件,Google,Google 注册
google 邮箱 注册 需要 手机 号 吗,Google,Google 注册
google注册注意事项,Bing,Google 注册
google 注册帐号 免手机,Bing,Google 注册
google注册账号手机号不能验证,Bing,Google 注册
google注册账号要扫码,Bing,Google 注册
google注册账号手机号无法用于验证,Bing,Google 注册
google 注册 证明您不是自动程序,Bing,Google 注册
gmail注册,Google,Gmail 注册
gmail注册,Bing,Gmail 注册
gmail 注册 新 账号,Google,Gmail 注册
gmail注册不用手机号,Google,Gmail 注册
gmail注册不用手机号,Bing,Gmail 注册
gmail注册此电话号码无法用于进行验证,Google,Gmail 注册
gmail注册跳过扫码,Google,Gmail 注册
gmail注册邮箱,Google,Gmail 注册
gmail注册邮箱,Bing,Gmail 注册
gmail注册免手机验证办法,Google,Gmail 注册
gmail注册免手机验证办法,Bing,Gmail 注册
gmail注册新邮箱,Google,Gmail 注册
gmail注册新邮箱,Bing,Gmail 注册
gmail注册教程,Google,Gmail 注册
gmail注册教程,Bing,Gmail 注册
gmail注册手机号,Google,Gmail 注册
gmail注册跳过手机验证,Google,Gmail 注册
gmail注册需要手机扫码,Google,Gmail 注册
gmail注册免手机验证,Google,Gmail 注册
gmail注册需要扫码,Google,Gmail 注册
gmail注册不了,Google,Gmail 注册
gmail注册不了,Bing,Gmail 注册
gmail注册手机验证不了,Bing,Gmail 注册
gmail注册官网,Bing,Gmail 注册
gmail注册手机号不能验证,Bing,Gmail 注册
gmail注册扫码,Google,Gmail 注册
gmail注册扫码,Bing,Gmail 注册
gmail注册页面,Google,Gmail 注册
gmail注册页面,Bing,Gmail 注册
gmail注册小助手,Bing,Gmail 注册
gmail 注册 免手机,Google,Gmail 注册
gmail 注册 免手机,Bing,Gmail 注册
gmail注册手机号不能用于验证,Google,Gmail 注册
gmail注册手机号不能用于验证,Bing,Gmail 注册
gmail注册 此电话号码无法用于验证,Bing,Gmail 注册
gmail注册apple id,Google,Gmail 注册
gmail注册apple id,Bing,Gmail 注册
gmail 不能 注册 apple id,Google,Gmail 注册
gmail 注册 验证,Google,Gmail 注册
gmail 注册 器,Google,Gmail 注册
gmail 注册 手机 验证 码,Google,Gmail 注册
gmail 注册 手机 验证,Google,Gmail 注册
gmail 注册 苹果 id,Google,Gmail 注册
gmail注册app,Bing,Gmail 注册
gmail注册 不用手机,Google,Gmail 注册
gmail 注册不需要手机号,Google,Gmail 注册
gmail 注册 微信,Google,Gmail 注册
gmail 信箱 来 注册 line 分身,Google,Gmail 注册
gmail 注册 验证 码,Google,Gmail 注册
注册 美国 gmail,Google,Gmail 注册
没有 手机 注册 gmail,Google,Gmail 注册
没有 电话 注册 gmail,Google,Gmail 注册
bilibili gmail 注册,Google,Gmail 注册
gmail注册步骤,Bing,Gmail 注册
gmail注册不能用中国手机号,Bing,Gmail 注册
gmail注册必须要手机号吗,Bing,Gmail 注册
gmail注册不了gpt,Bing,Gmail 注册
gmail注册不了chatgpt,Bing,Gmail 注册
gmail 注册 多 个 帐号,Google,Gmail 注册
gmail注册电话,Google,Gmail 注册
gmail注册电话,Bing,Gmail 注册
gmail注册电话号码无法验证,Google,Gmail 注册
gmail注册电话号码无法验证,Bing,Gmail 注册
gmail 注册 大陆 手机 号,Google,Gmail 注册
gmail 代 注册,Google,Gmail 注册
gmail 邮箱 代 注册,Google,Gmail 注册
gmail注册免手机认证,Google,Gmail 注册
gmail 注册,Google,Gmail 注册
中国 大陆 注册 gmail,Google,Gmail 注册
大陆 注册 gmail,Google,Gmail 注册
大陆 手机 注册 gmail,Google,Gmail 注册
deepseek gmail 注册,Google,Gmail 注册
gmail 注册地址,Bing,Gmail 注册
gmail注册电话号码无法用于验证,Bing,Gmail 注册
gmail注册地,Bing,Gmail 注册
gmail注册多个邮箱,Bing,Gmail 注册
gmail注册方法,Google,Gmail 注册
gmail注册方法,Bing,Gmail 注册
gmail 注册 发短信,Google,Gmail 注册
gmail 注册 fb,Google,Gmail 注册
gmail 注册 不了,Google,Gmail 注册
gmail 注册 不用 手机 号,Google,Gmail 注册
gmail注册发短信,Bing,Gmail 注册
gmail注册发送不了短信,Bing,Gmail 注册
gmail注册 此电话号码已用过太多次,Google,Gmail 注册
gmail注册此电话号码已用过太多次,Bing,Gmail 注册
gmail注册chatgpt,Bing,Gmail 注册
gmail注册错误,Bing,Gmail 注册
gmail 注册 儿童,Google,Gmail 注册
gmail 注册 二维码,Google,Gmail 注册
gmail email 注册,Google,Gmail 注册
gmail注册免手机验证办法2022,Google,Gmail 注册
gmail注册二维码,Bing,Gmail 注册
gmail注册官方网,Google,Gmail 注册
gmail注册官方网,Bing,Gmail 注册
gmail 注册 手机 号,Google,Gmail 注册
gmail 注册 手机 号 不能 用 于 验证,Google,Gmail 注册
gmail 注册 电话 号码 无法 验证,Google,Gmail 注册
gmail 邮箱 注册 手机 号 无法 验证,Google,Gmail 注册
gmail 注册 手机 号 验证,Google,Gmail 注册
gmail 注册 电话 号码,Google,Gmail 注册
gmail 注册 手机 号码,Google,Gmail 注册
gmail 注册 此 号码 无法 用 于 验证,Google,Gmail 注册
gmail 注册 小 号,Google,Gmail 注册
google voice 注册 gmail,Google,Gmail 注册
giffgaff 注册 gmail,Google,Gmail 注册
虚拟 号码 注册 gmail,Google,Gmail 注册
国内 号码 注册 gmail,Google,Gmail 注册
gmail注册谷歌账号,Bing,Gmail 注册
gmail注册gpt,Bing,Gmail 注册
gmail注册工具,Bing,Gmail 注册
gmail注册规则,Bing,Gmail 注册
gmail注册国内,Bing,Gmail 注册
gmail注册国内手机号,Bing,Gmail 注册
gmail注册国内手机号无法验证,Bing,Gmail 注册
gmail 注册 如何 跳 过 手机 验证,Google,Gmail 注册
gmail 注册 入口,Google,Gmail 注册
gmail 注册 apple id,Google,Gmail 注册
gmail 注册 不 到,Google,Gmail 注册
如何注册一个gmail邮箱,Google,Gmail 注册
gmail 注册 中国手机号,Google,Gmail 注册
gmail 注册 中国手机号,Bing,Gmail 注册
gmail 注册 不用 手机,Google,Gmail 注册
gmail 注册 方法,Google,Gmail 注册
gmail 注册 不用 电话,Google,Gmail 注册
gmail 注册 facebook,Google,Gmail 注册
gmail 注册 不用 电话 号码,Google,Gmail 注册
gmail 注册 收 不 到 验证 码,Google,Gmail 注册
gmail 无法 注册 facebook,Google,Gmail 注册
gmail 被 注册,Google,Gmail 注册
gmail 被 乱 注册,Google,Gmail 注册
为什么 gmail 注册 不了,Google,Gmail 注册
香港gmail注册,Google,Gmail 注册
gmail注册机,Google,Gmail 注册
gmail注册机,Bing,Gmail 注册
gmail注册接码,Google,Gmail 注册
gmail注册接码,Bing,Gmail 注册
gmail注册教程2021,Bing,Gmail 注册
gmail注册接码平台,Bing,Gmail 注册
gmail注册流程,Google,Gmail 注册
gmail注册流程,Bing,Gmail 注册
gmail 注册 line,Google,Gmail 注册
gmail注册line ptt,Google,Gmail 注册
gmail 注册 免 手机 验证 办法 2025,Google,Gmail 注册
gmail注册免手机ptt,Google,Gmail 注册
gmail 注册 免 手机 dcard,Google,Gmail 注册
gmail 注册 免 手机 2025,Google,Gmail 注册
gmail注册免手机验证办法 2022,Google,Gmail 注册
gmail 注册 免 手机 验证 办法 2024,Google,Gmail 注册
gmail 注册 免 手机 号,Google,Gmail 注册
gmail 注册 免 手机 2021,Google,Gmail 注册
gmail 注册 免 电话,Google,Gmail 注册
gmail 注册 免,Google,Gmail 注册
gmail 注册 免 手机 2022,Google,Gmail 注册
gmail 注册 免手机 2024,Google,Gmail 注册
gmail注册无法收到验证码,Bing,Gmail 注册
gmail注册免手机验证办法2024,Bing,Gmail 注册
gmail注册美国手机号,Bing,Gmail 注册
gmail注册密码要求,Bing,Gmail 注册
gmail注册无法使用国内手机,Bing,Gmail 注册
gmail注册美区apple id,Bing,Gmail 注册
gmail 注册 教程,Google,Gmail 注册
gmail 注册 脚本,Google,Gmail 注册
gmail 注册 国内,Google,Gmail 注册
gmail 注册 公司,Google,Gmail 注册
gmail 注册 官方 网,Google,Gmail 注册
gmail 注册 公司 邮箱,Google,Gmail 注册
gmail 注册 工具,Google,Gmail 注册
gmail 注册 限制,Google,Gmail 注册
gmail 注册 国内 手机 号,Google,Gmail 注册
gmail com 注册,Google,Gmail 注册
gmail com 邮箱 注册,Google,Gmail 注册
gmail 邮箱 注册 官网,Google,Gmail 注册
gmail 批量 注册 工具,Google,Gmail 注册
gmail 可以 注册 几 个,Google,Gmail 注册
注册 美 区 gmail,Google,Gmail 注册
gmail 注册 多 个,Google,Gmail 注册
gmail注册多个账号,Google,Gmail 注册
gmail 注册 多 个 邮箱,Google,Gmail 注册
outlook 注册 gmail,Google,Gmail 注册
outlook 邮箱 注册 gmail,Google,Gmail 注册
gmail 注册 年龄,Google,Gmail 注册
gmail 注册 名,Google,Gmail 注册
gmail 注册 qq,Google,Gmail 注册
gmail注册全流程,Bing,Gmail 注册
gmail 注册 this phone number cannot be used for verification,Google,Gmail 注册
gmail 注册 line ptt,Google,Gmail 注册
python 自动 注册 gmail,Google,Gmail 注册
gmail注册苹果id,Bing,Gmail 注册
gmail注册时间,Google,Gmail 注册
gmail注册失败,Google,Gmail 注册
gmail注册失败,Bing,Gmail 注册
gmail注册手机验证,Google,Gmail 注册
gmail注册收不到验证码,Google,Gmail 注册
gmail注册手机号验证,Google,Gmail 注册
gmail 注册 接 码,Google,Gmail 注册
gmail 注册 小 助手,Google,Gmail 注册
gmail 注册 指南,Google,Gmail 注册
gmail 注册 小孩,Google,Gmail 注册
gmail 注册 新 帐户,Google,Gmail 注册
gmail注册 手机验证,Bing,Gmail 注册
gmail注册steam,Bing,Gmail 注册
gmail注册手机号无法验证,Bing,Gmail 注册
gmail 注册 流程,Google,Gmail 注册
苹果 手机 注册 gmail,Google,Gmail 注册
gmail注册入口官网,Bing,Gmail 注册
gmail注册如何跳过手机验证,Bing,Gmail 注册
gmail注册绕过手机号,Bing,Gmail 注册
gmail 注册 whatsapp,Google,Gmail 注册
gmail注册telegram,Google,Gmail 注册
gmail注册telegram,Bing,Gmail 注册
gmail注册跳过手机,Google,Gmail 注册
gmail 注册 机,Google,Gmail 注册
gmail 注册 手机,Google,Gmail 注册
gmail 注册 中国 手机 号,Google,Gmail 注册
gmail 注册 中国,Google,Gmail 注册
gmail 注册 地址,Google,Gmail 注册
gmail 注册短信,Google,Gmail 注册
gmail注册跳过扫码验证,Bing,Gmail 注册
gmail注册跳过手机号,Bing,Gmail 注册
gmail注册无法发送短信,Google,Gmail 注册
gmail注册网站,Bing,Gmail 注册
gmail注册网址,Bing,Gmail 注册
gmail注册需要手机号吗,Google,Gmail 注册
gmail注册需要手机号吗,Bing,Gmail 注册
gmail注册信箱,Google,Gmail 注册
gmail 注册 line 无法 加 好友,Google,Gmail 注册
gmail 信箱 注册 line,Google,Gmail 注册
如何 用 gmail 注册 line,Google,Gmail 注册
gmail 注册页面,Bing,Gmail 注册
gmail 注册需要扫码,Bing,Gmail 注册
gmail注册新账号,Bing,Gmail 注册
gmail注册需要扫描二维码,Bing,Gmail 注册
gmail注册需要翻墙吗,Bing,Gmail 注册
gmail注册需要邀请码,Bing,Gmail 注册
gmail注册下载,Bing,Gmail 注册
gmail 注册页面。,Bing,Gmail 注册
gmail注册需要手机吗,Bing,Gmail 注册
gmail注册要手机号,Google,Gmail 注册
gmail注册要扫码,Google,Gmail 注册
gmail注册要扫码,Bing,Gmail 注册
gmail 注册 美 区,Google,Gmail 注册
gmail注册要手机号吗,Google,Gmail 注册
gmail注册要手机号吗,Bing,Gmail 注册
gmail注册youtube,Google,Gmail 注册
gmail 注册 要 电话,Google,Gmail 注册
yahoo 注册 gmail,Google,Gmail 注册
line 用 gmail 注册,Google,Gmail 注册
用 邮箱 注册 gmail,Google,Gmail 注册
用 gmail 注册 telegram,Google,Gmail 注册
用outlook注册gmail,Google,Gmail 注册
gmail注册邮箱官网,Bing,Gmail 注册
gmail注册要验证手机吗,Bing,Gmail 注册
gmail注册验证码,Bing,Gmail 注册
gmail注册要手机吗,Bing,Gmail 注册
gmail注册验证手机号,Bing,Gmail 注册
gmail注册账号,Google,Gmail 注册
gmail注册账号,Bing,Gmail 注册
gmail注册中国,Google,Gmail 注册
gmail注册中国,Bing,Gmail 注册
gmail 注册 需要 手机 号 吗,Google,Gmail 注册
gmail 注册 需要 扫 码,Google,Gmail 注册
gmail 注册 需要 手机 号,Google,Gmail 注册
gmail 注册 需要 手机 扫 码,Google,Gmail 注册
gmail 注册 需要 什么,Google,Gmail 注册
gmail 注册 需要 手机,Google,Gmail 注册
gmail 注册 上限,Google,Gmail 注册
gmail 自动 注册,Google,Gmail 注册
gmail在线注册,Google,Gmail 注册
gmail 注册 不 需要 手机 号,Google,Gmail 注册
gmail注册 知乎,Bing,Gmail 注册
gmail注册怎么跳过手机号,Bing,Gmail 注册
gmail注册指南,Bing,Gmail 注册
gmail注册 证明您不是自动程序,Bing,Gmail 注册
gmail注册怎么跳过手机验证,Bing,Gmail 注册
gmail注册助手,Bing,Gmail 注册
gmail 手机号无法用于验证,Google,Gmail 手机号
gmail手机号不用了,Google,Gmail 手机号
gmail手机号不用了,Bing,Gmail 手机号
gmail手机号,Google,Gmail 手机号
gmail手机号验证,Google,Gmail 手机号
gmail 手机号码使用太多次,Google,Gmail 手机号
gmail 手机号码更换,Google,Gmail 手机号
gmail手机验证,Google,Gmail 手机号
gmail手机号无法用于验证,Bing,Gmail 手机号
gmail手机号无法验证,Bing,Gmail 手机号
gmail手机号码换了无法验证,Bing,Gmail 手机号
gmail手机号码无法验证,Bing,Gmail 手机号
gmail 手机号,Bing,Gmail 手机号
gmail手机号验证次数过多,Bing,Gmail 手机号
gmail手机号码使用太多次,Bing,Gmail 手机号
gmail手机号验证不了,Bing,Gmail 手机号
gmail手机号找回密码,Bing,Gmail 手机号
gmail手机号码换了无法登录,Bing,Gmail 手机号
gmail邮箱注册大陆手机号无法验证,Bing,Gmail 手机号
没有国外手机号怎么注册gmail,Bing,Gmail 手机号
无手机号注册gmail,Bing,Gmail 手机号
gmail无法验证手机号,Bing,Gmail 手机号
gmail 手机 号码,Google,Gmail 手机号
gmail 手机 号 注册,Google,Gmail 手机号
gmail 手机 号,Google,Gmail 手机号
gmail 手机 接 码,Google,Gmail 手机号
gmail接码,Google,Gmail 手机号
gmail 邮箱 号码,Google,Gmail 手机号
gmail 邮箱 手机 号,Google,Gmail 手机号
gmail 手机 验证 码,Google,Gmail 手机号
gmail手机号更换,Bing,Gmail 手机号
gmail 手机 号 不用 了,Google,Gmail 手机号
gmail手机号码无法用于验证,Bing,Gmail 手机号
gmail手机号码无法验证怎么解决,Bing,Gmail 手机号
注册gmail邮箱手机号码不能验证的解决方法,Google,Gmail 手机号
gmail邮箱注册手机无法验证,Google,Gmail 手机号
注册gmail不用手机号,Bing,Gmail 手机号
gmail验证手机号,Bing,Gmail 手机号
gmail 跳 过 手机 号,Google,Gmail 跳过手机号
gmail 跳 过 手机 号 验证,Google,Gmail 跳过手机号
gmail 如何 跳 过 手机 验证,Google,Gmail 跳过手机号
gmail 注册 跳 过 手机 号,Google,Gmail 跳过手机号
gmail 注册 跳 过 手机,Google,Gmail 跳过手机号
gmail跳过手机号,Bing,Gmail 跳过手机号
注册gmail跳过手机号,Bing,Gmail 跳过手机号
gmail 怎么 跳 过 手机验证,Bing,Gmail 跳过手机号
此电话号码无法用于进行验证。 gmail,Bing,Gmail 跳过手机号
gmail 跳过手机验证,Google,Gmail 跳过手机号
gmail邮箱注册 跳 过手机验证,Google,Gmail 跳过手机号
gmail 跳过手机,Google,Gmail 跳过手机号
google 跳过手机验证,Google,Gmail 跳过手机号
gmail 手机 注册,Google,Gmail 手机号
google 跳 过 手机 验证,Google,Gmail 跳过手机号
gmail 跳过手机号,Google,Gmail 跳过手机号
注册gmail跳过手机验证,Google,Gmail 跳过手机号
谷歌邮箱跳过手机验证,Google,Gmail 跳过手机号
google voice 购买,Google,Google Voice
google voice注册,Google,Google Voice
google voice 下载,Google,Google Voice
google voice 保号,Google,Google Voice
google voice 保号,Bing,Google Voice
google voice number,Google,Google Voice
google voice number,Bing,Google Voice
google voice怎么用,Google,Google Voice
google voice怎么用,Bing,Google Voice
google voice是什么,Google,Google Voice
google voice是什么,Bing,Google Voice
google voice 尚不支持您所在的国家/地区,Google,Google Voice
google voice 接码平台,Google,Google Voice
google voice login,Google,Google Voice
google voice login,Bing,Google Voice
google voice app,Google,Google Voice
google voice app,Bing,Google Voice
google voice 保号电话,Google,Google Voice
google voice账号购买,Google,Google Voice
google voice账号购买,Bing,Google Voice
google voice 永久号码,Google,Google Voice
google voice购买,Bing,Google Voice
google voice下载,Bing,Google Voice
google voice号码,Bing,Google Voice
google voice不支持您所在的国家,Bing,Google Voice
google voice search,Google,Google Voice
google voice search,Bing,Google Voice
google voice保号,Bing,Google Voice
google voice注册telegram,Google,Google Voice
google voice注册telegram,Bing,Google Voice
google voice apk,Google,Google Voice
google voice apk,Bing,Google Voice
google voice 安卓 下载,Google,Google Voice
google voice assistant,Google,Google Voice
google voice assistant,Bing,Google Voice
google voice account,Google,Google Voice
google voice account,Bing,Google Voice
google voice alternative,Google,Google Voice
google voice alternative,Bing,Google Voice
google voice ai,Google,Google Voice
google voice ai,Bing,Google Voice
google voice app download,Google,Google Voice
google voice app download,Bing,Google Voice
google voice被封,Google,Google Voice
google voice保号教程,Google,Google Voice
google voice 拨打中国电话,Google,Google Voice
google voice 被收回,Google,Google Voice
google voice 保活,Google,Google Voice
google voice 被回收,Google,Google Voice
google voice 不支持所在国家,Google,Google Voice
google voice 保 号 2025,Google,Google Voice
google voice 保 号 发 短信,Google,Google Voice
google voice 被禁用,Google,Google Voice
google voice被停用,Google,Google Voice
google voice buy,Google,Google Voice
google voice buy,Bing,Google Voice
google voice不支持,Google,Google Voice
google voice 此账号目前无法使用 google voice。请稍后重试。,Google,Google Voice
google voice 成品 号,Google,Google Voice
google voice canada,Google,Google Voice
google voice canada,Bing,Google Voice
google voice call,Google,Google Voice
google voice call,Bing,Google Voice
google voice cost,Google,Google Voice
google voice cost,Bing,Google Voice
google voice 登录,Google,Google Voice
google voice 打中国电话,Google,Google Voice
google voice 打台湾,Google,Google Voice
google voice打电话,Google,Google Voice
google voice 打电话回台湾,Google,Google Voice
google voice download,Google,Google Voice
google voice download,Bing,Google Voice
google voice 电话号码,Google,Google Voice
google voice 代 充值,Google,Google Voice
google voice地区限制,Google,Google Voice
google voice 打国际电话,Google,Google Voice
google voice desktop app,Google,Google Voice
google voice desktop app,Bing,Google Voice
google voice esim,Google,Google Voice
google voice esim,Bing,Google Voice
google voice enterprise,Google,Google Voice
google voice enterprise,Bing,Google Voice
google voice官网,Google,Google Voice
google voice官网,Bing,Google Voice
google voice 国际电话,Google,Google Voice
google voice 购买 自动发货,Google,Google Voice
google voice过期,Google,Google Voice
google voice 关联号码,Google,Google Voice
google voice 高级功能,Google,Google Voice
google voice 购买 渠道,Google,Google Voice
google voice 购买 便宜,Google,Google Voice
google voice 购买 可 转移,Google,Google Voice
google voice 过期 超过 45 天,Google,Google Voice
google voice购买永久,Google,Google Voice
google voice购买永久,Bing,Google Voice
google voice 购买平台,Google,Google Voice
google voice 购买平台,Bing,Google Voice
google voice个人版,Google,Google Voice
google voice购买平台,Bing,Google Voice
google voice free,Google,Google Voice
google voice free,Bing,Google Voice
google voice 费用,Google,Google Voice
google voice for personal use,Google,Google Voice
google voice for personal use,Bing,Google Voice
google voice发卡,Google,Google Voice
google voice封号,Google,Google Voice
google voice 发短信,Google,Google Voice
google voice 付费,Google,Google Voice
google voice 号码,Google,Google Voice
google voice号码转移,Google,Google Voice
google voice号码转移,Bing,Google Voice
google voice 号码转出,Google,Google Voice
google voice help,Google,Google Voice
google voice help,Bing,Google Voice
google voice换号码,Google,Google Voice
google voice好用吗,Google,Google Voice
google voice 号码被回收,Google,Google Voice
google voice号,Google,Google Voice
google voice号码申请,Google,Google Voice
google voice 号码找回,Google,Google Voice
google voice还能用吗,Google,Google Voice
google voice号购买,Google,Google Voice
google voice help center,Google,Google Voice
google voice help center,Bing,Google Voice
google voice回收,Google,Google Voice
google voice号码购买,Bing,Google Voice
google voice international calls,Google,Google Voice
google voice international calls,Bing,Google Voice
google voice input,Google,Google Voice
google voice input,Bing,Google Voice
google voice individual,Google,Google Voice
google voice individual,Bing,Google Voice
google voice可以注册telegram吗,Google,Google Voice
google voice可以注册telegram吗,Bing,Google Voice
google voice 可以 打 台湾 市 话 吗,Google,Google Voice
google voice 客服,Google,Google Voice
google voice 客服,Bing,Google Voice
google voice可以收验证码吗,Google,Google Voice
google voice 开通,Google,Google Voice
google voice 可以注册whatsapp 吗,Google,Google Voice
google voice 可以注册whatsapp 吗,Bing,Google Voice
google voice 教学,Google,Google Voice
google voice接码,Google,Google Voice
google voice 价格,Google,Google Voice
google voice 价格,Bing,Google Voice
google voice 解封,Google,Google Voice
google voice接电话,Google,Google Voice
google voice 激活,Google,Google Voice
google voice 介绍,Google,Google Voice
google voice 加拿大,Google,Google Voice
google voice 教程,Google,Google Voice
google voice 教程,Bing,Google Voice
google voice 解锁,Google,Google Voice
google voice 解 绑,Google,Google Voice
google voice接码平台,Bing,Google Voice
google voice 靓号,Google,Google Voice
google voice 靓号,Bing,Google Voice
google voice 接收验证码,Bing,Google Voice
google voice 教學,Bing,Google Voice
google voice 老号,Google,Google Voice
google voice类似的软件,Google,Google Voice
google voice logo,Google,Google Voice
google voice logo,Bing,Google Voice
google voice login online,Google,Google Voice
google voice login online,Bing,Google Voice
google voice number free,Google,Google Voice
google voice number free,Bing,Google Voice
google voice number expired,Google,Google Voice
google voice number expired,Bing,Google Voice
google voice on iphone,Google,Google Voice
google voice on iphone,Bing,Google Voice
google voice 免费,Google,Google Voice
google voice免费吗,Google,Google Voice
google voice 买断,Google,Google Voice
google voice 买号,Google,Google Voice
google voice 免费注册,Google,Google Voice
google voice mail,Google,Google Voice
google voice mail,Bing,Google Voice
google voice 美国门号,Google,Google Voice
google voice match,Google,Google Voice
google voice match,Bing,Google Voice
google voice 批发,Google,Google Voice
google voice personal,Google,Google Voice
google voice personal,Bing,Google Voice
google voice port out,Google,Google Voice
google voice port out,Bing,Google Voice
google voice phone number,Google,Google Voice
google voice phone number,Bing,Google Voice
google voice price,Google,Google Voice
google voice price,Bing,Google Voice
google voice qr code,Google,Google Voice
google voice qr code,Bing,Google Voice
google voice que es,Google,Google Voice
google voice que es,Bing,Google Voice
google voice questions,Google,Google Voice
google voice questions,Bing,Google Voice
google voice 区号,Bing,Google Voice
google voice区号选择,Bing,Google Voice
google voice收不到验证码,Google,Google Voice
google voice申诉,Google,Google Voice
google voice收不到telegram验证码,Google,Google Voice
google voice 申请,Google,Google Voice
google voice 收 简讯,Google,Google Voice
google voice 收费,Google,Google Voice
google voice是免费的吗,Google,Google Voice
google voice 闪退,Google,Google Voice
google voice 使用教程,Google,Google Voice
google voice收费吗,Google,Google Voice
google voice使用,Google,Google Voice
google voice手机号,Google,Google Voice
google voice 台湾,Google,Google Voice
google voice 台湾 ptt,Google,Google Voice
google voice translate,Google,Google Voice
google voice translate,Bing,Google Voice
google voice typing,Google,Google Voice
google voice typing,Bing,Google Voice
google voice 台湾 2025,Google,Google Voice
google voice to text,Google,Google Voice
google voice to text,Bing,Google Voice
google voice 台湾 收 简讯,Google,Google Voice
google voice 台湾可以用吗,Google,Google Voice
google voice台湾申请,Google,Google Voice
google voice 替代品,Google,Google Voice
google voice telegram 群组,Google,Google Voice
google voice如何注册,Google,Google Voice
google voice如何使用,Google,Google Voice
google voice如何充值,Google,Google Voice
google voice recognition,Google,Google Voice
google voice recognition,Bing,Google Voice
google voice recorder,Google,Google Voice
google voice recorder,Bing,Google Voice
google voice 日本,Google,Google Voice
google voice reddit,Google,Google Voice
google voice reddit,Bing,Google Voice
google voice无法使用,Google,Google Voice
google voice无法升级,Google,Google Voice
google voice 无法使用某款 google 产品,Google,Google Voice
google voice web,Google,Google Voice
google voice web,Bing,Google Voice
google voice 网页 版,Google,Google Voice
google voice无法拨打电话,Google,Google Voice
google voice whatsapp,Google,Google Voice
google voice whatsapp,Bing,Google Voice
google voice无法选择号码,Google,Google Voice
google voice 无法提供服务,Google,Google Voice
google voice workspace,Google,Google Voice
google voice workspace,Bing,Google Voice
google voice 无法提供服务 很抱歉 google voice 目前尚不支援你所在的国家/地区,Google,Google Voice
google voice unlock,Google,Google Voice
google voice unlock,Bing,Google Voice
google voice uk,Google,Google Voice
google voice uk,Bing,Google Voice
google voice upgrade,Google,Google Voice
google voice upgrade,Bing,Google Voice
google voice unlock number,Google,Google Voice
google voice unlock number,Bing,Google Voice
google voice voip,Google,Google Voice
google voice voip,Bing,Google Voice
google voice virtual number,Google,Google Voice
google voice virtual number,Bing,Google Voice
google voice vs textnow,Google,Google Voice
google voice vs textnow,Bing,Google Voice
google voice verification code,Google,Google Voice
google voice verification code,Bing,Google Voice
google voice voicemail,Google,Google Voice
google voice voicemail,Bing,Google Voice
google voice video call,Google,Google Voice
google voice video call,Bing,Google Voice
google voice有什么用,Google,Google Voice
google voice有什么用,Bing,Google Voice
google voice 永久,Google,Google Voice
google voice 永久,Bing,Google Voice
google voice 验证,Google,Google Voice
google voice 验证,Bing,Google Voice
google voice 验证 码 接收 平台,Google,Google Voice
google voice 永久保号,Google,Google Voice
google voice要钱吗,Google,Google Voice
google voice 养号,Google,Google Voice
google voice youtube,Google,Google Voice
google voice youtube,Bing,Google Voice
google voice永久保号,Bing,Google Voice
google voice 验证码,Bing,Google Voice
google voice 永久号,Bing,Google Voice
google voice 下载 apk,Google,Google Voice
google voice 携号转网,Google,Google Voice
google voice 携号转网,Bing,Google Voice
google voice 选号,Google,Google Voice
google voice 虚拟号码,Google,Google Voice
google voice 虚拟号,Google,Google Voice
google voice 香港,Google,Google Voice
google voice 虚拟 手机 号,Google,Google Voice
google voice 下载 ios,Google,Google Voice
google voice 下载 电脑 版,Google,Google Voice
google voice 下载 不了,Google,Google Voice
google voice虚拟手机号,Bing,Google Voice
google voice下载安卓,Bing,Google Voice
google voice虚拟号,Bing,Google Voice
google voice下载电脑版,Bing,Google Voice
google voice虚拟号码,Bing,Google Voice
google voice香港,Bing,Google Voice
google voice虚拟号码注册,Bing,Google Voice
google voice 需要美国号码,Bing,Google Voice
google voice转移,Google,Google Voice
google voice怎么注册,Google,Google Voice
google voice怎么注册,Bing,Google Voice
google voice注册教程,Google,Google Voice
google voice注册教程,Bing,Google Voice
google voice找回,Google,Google Voice
google voice 自助 购买,Google,Google Voice
google voice 自助 购买,Bing,Google Voice
google voice怎么打电话,Google,Google Voice
google voice怎么充值,Google,Google Voice
google voice 转出,Google,Google Voice
google voice转esim,Google,Google Voice
google voice转入,Google,Google Voice
google voice怎么使用,Bing,Google Voice
google voice 转移,Google,Google Voice
google voice 转移,Bing,Google Voice
google voice 找回,Bing,Google Voice
google voice 购买 usdt,Google,Google Voice 购买
google voice购买2022,Google,Google Voice 购买
购买google voice,Google,Google Voice 购买
购买google voice,Bing,Google Voice 购买
google voice购买网站,Bing,Google Voice 购买
google voice购买便宜,Bing,Google Voice 购买
google voice购买渠道,Bing,Google Voice 购买
google voice购买指南,Bing,Google Voice 购买
google voice购买可转移,Bing,Google Voice 购买
google voice购买为永久号,Bing,Google Voice 购买
google voice购买 淘宝,Bing,Google Voice 购买
购买google voice账号,Google,Google Voice 购买
google voice 购买 教程,Google,Google Voice 购买
google voice 购买 账号,Google,Google Voice 购买
google voice 购买 平台,Google,Google Voice 购买
购买google voice号码,Bing,Google Voice 购买
google voice永久号购买,Bing,Google Voice 购买
google voice账号购买平台,Bing,Google Voice 购买
google voice 购买 永久,Google,Google Voice 购买
google voice 永久 号 购买,Google,Google Voice 购买
google voice 购买 号码,Google,Google Voice 购买
google voice 老 号 购买,Google,Google Voice 购买
google voice 靓 号 购买,Google,Google Voice 购买
如何 购买 google voice 号码,Google,Google Voice 购买
google voice 低 价 购买,Google,Google Voice 购买
google voice 购买 转移,Google,Google Voice 购买
google voice 购买 telegram,Google,Google Voice 购买
google voice 购买 v2ex,Google,Google Voice 购买
google voice在线购买,Google,Google Voice 购买
全新 google voice 购买,Google,Google Voice 购买
google voice 转移教程,Google,Google Voice 转移
google voice 转移 号码,Google,Google Voice 转移
google voice 转移 风险,Google,Google Voice 转移
google voice 转移 购买,Google,Google Voice 转移
google voice 转移 账号,Google,Google Voice 转移
google voice 转移 2025,Google,Google Voice 转移
google voice 转移 2024,Google,Google Voice 转移
google voice 转移 2024,Bing,Google Voice 转移
google voice 转移 邮箱,Google,Google Voice 转移
google voice 没有 转移 按钮,Google,Google Voice 转移
google voice 可 转移,Google,Google Voice 转移
google voice 呼叫 转移,Google,Google Voice 转移
google voice 无法 转移,Google,Google Voice 转移
google voice 多久可以转移,Google,Google Voice 转移
google voice转移号码,Bing,Google Voice 转移
google voice转移教程,Bing,Google Voice 转移
google voice转移条件,Bing,Google Voice 转移
google voice没有转移按钮,Bing,Google Voice 转移
google voice账号转移,Bing,Google Voice 转移
google voice怎么转移,Bing,Google Voice 转移
google voice没有转移选项,Google,Google Voice 转移
google voice 转移 由于 某 些 原因 无法完成号码转移,Google,Google Voice 转移
转移google voice,Google,Google Voice 转移
google voice 转移 条件,Google,Google Voice 转移
google voice 转移 2023,Google,Google Voice 转移
google voice 转移 号,Google,Google Voice 转移
google voice无法转移,Bing,Google Voice 转移
google fi 转 voice,Bing,Google Voice 转移
google voice 由于某些原因 无法完成号码转移,Bing,Google Voice 转移
实体卡 转 google voice,Bing,Google Voice 转移
tello 转 google voice,Bing,Google Voice 转移
google voice app 下载,Bing,Google Voice 转移
虚拟 google voice 号码,Bing,Google Voice 转移
您 google voice 号码的来电会转接到此号码,Bing,Google Voice 转移
google voice 转移 教程,Google,Google Voice 转移
google voice 转 入,Google,Google Voice 转移
talkatone 转移 google voice,Google,Google Voice 转移
google voice 转让,Google,Google Voice 转移
google voice-谷歌之音,Bing,Google Voice 转移
google 文字转语音 google text-to-speech,Bing,Google Voice 转移
谷歌账号购买,Google,谷歌账号 购买
谷歌账号购买2元,Google,谷歌账号 购买
谷歌账号购买2元,Bing,谷歌账号 购买
谷歌账号购买1元,Google,谷歌账号 购买
谷歌账号购买1元,Bing,谷歌账号 购买
谷歌账号购买批发,Google,谷歌账号 购买
谷歌账号购买批发,Bing,谷歌账号 购买
谷歌账号购买gemini,Google,谷歌账号 购买
谷歌账号购买微信支付,Google,谷歌账号 购买
谷歌账号购买微信支付,Bing,谷歌账号 购买
谷歌账号购买交易平台,Google,谷歌账号 购买
谷歌账号购买交易平台,Bing,谷歌账号 购买
谷歌账号购买美区,Google,谷歌账号 购买
谷歌账号购买台湾,Google,谷歌账号 购买
谷歌账号购买便宜,Google,谷歌账号 购买
谷歌账号购买便宜,Bing,谷歌账号 购买
谷歌账号购买支付宝,Google,谷歌账号 购买
谷歌账号购买美国,Google,谷歌账号 购买
谷歌账号购买、,Google,谷歌账号 购买
谷歌账号购买、,Bing,谷歌账号 购买
谷歌账号购买平台,Bing,谷歌账号 购买
谷歌账号 购买,Bing,谷歌账号 购买
谷歌账号购买永久,Bing,谷歌账号 购买
谷歌账号购买网站,Bing,谷歌账号 购买
谷歌账号购买嗨小号,Bing,谷歌账号 购买
谷歌 账号 购买 淘宝,Google,谷歌账号 购买
谷歌 账号 改 美 区,Google,谷歌账号 购买
谷歌 账号 国外,Google,谷歌账号 购买
谷歌账号购买 gemini,Bing,谷歌账号 购买
谷歌 账号 更改 电话 号码,Google,谷歌账号 购买
谷歌账号购买低价,Bing,谷歌账号 购买
美国谷歌账号购买,Bing,谷歌账号 购买
美区谷歌账号购买,Bing,谷歌账号 购买
谷歌美区账号购买,Bing,谷歌账号 购买
谷歌开发者账号购买,Bing,谷歌账号 购买
谷歌账号更改地区,Google,谷歌账号 购买
谷歌账号改地区,Google,谷歌账号 购买
谷歌 账号 改 名字,Google,谷歌账号 购买
谷歌账号购买俄罗斯,Bing,谷歌账号 购买
谷歌 账号 共享,Google,谷歌账号 购买
谷歌 买 号,Google,谷歌账号 购买
谷歌 账号 靓 号,Google,谷歌账号 购买
谷歌账号注册ios,Google,谷歌账号 购买
谷歌账号哪里买,Google,谷歌账号 购买
谷歌 账号 可以 干 嘛,Google,谷歌账号 购买
谷歌账号购买可靠吗,Bing,谷歌账号 购买
谷歌 账号 能 更改 吗,Google,谷歌账号 购买
谷歌 账号 美国,Google,谷歌账号 购买
购买 google play 账号,Google,谷歌账号 购买
google 账号 购买 平台,Google,谷歌账号 购买
谷歌账号购买平台推荐,Bing,谷歌账号 购买
谷歌gemini账号购买,Bing,谷歌账号 购买
国外谷歌账号购买,Bing,谷歌账号 购买
谷歌账号购买推荐,Bing,谷歌账号 购买
谷歌 账号 如何 更改 密码,Google,谷歌账号 购买
如何购买谷歌账号,Google,谷歌账号 购买
谷歌账号购买小店,Bing,谷歌账号 购买
谷歌账号购买网址,Bing,谷歌账号 购买
购买 google voice 账号,Google,谷歌账号 购买
谷歌账号注册,Google,谷歌账号 注册
谷歌账号注册,Bing,谷歌账号 注册
谷歌账号注册跳过手机验证,Google,谷歌账号 注册
谷歌账号注册教程,Google,谷歌账号 注册
谷歌账号注册教程,Bing,谷歌账号 注册
谷歌账号注册扫码,Google,谷歌账号 注册
谷歌账号注册扫码,Bing,谷歌账号 注册
谷歌账号注册需要扫码,Google,谷歌账号 注册
谷歌账号注册手机号无法验证,Google,谷歌账号 注册
谷歌账号注册手机号无法验证,Bing,谷歌账号 注册
谷歌账号注册跳过手机号,Google,谷歌账号 注册
谷歌账号注册跳过手机号,Bing,谷歌账号 注册
谷歌账号注册入口,Google,谷歌账号 注册
谷歌账号注册入口,Bing,谷歌账号 注册
谷歌账号注册手机号无法验证怎么办,Google,谷歌账号 注册
谷歌账号注册要扫码,Google,谷歌账号 注册
谷歌账号注册要扫码,Bing,谷歌账号 注册
谷歌账号注册免手机号,Google,谷歌账号 注册
谷歌账号注册免手机号,Bing,谷歌账号 注册
谷歌账号注册不了,Google,谷歌账号 注册
谷歌账号注册不了,Bing,谷歌账号 注册
谷歌账号注册发送短信失败,Google,谷歌账号 注册
谷歌账号注册发送短信失败,Bing,谷歌账号 注册
谷歌账号注册时间,Google,谷歌账号 注册
谷歌账号注册地址,Google,谷歌账号 注册
谷歌账号注册地址,Bing,谷歌账号 注册
谷歌账号注册官网,Google,谷歌账号 注册
谷歌账号注册官网,Bing,谷歌账号 注册
谷歌账号注册中国手机号无法验证,Bing,谷歌账号 注册
谷歌账号注册手机号码无法验证,Bing,谷歌账号 注册
谷歌账号注册需要扫码怎么办,Bing,谷歌账号 注册
谷歌账号注册入口官网,Bing,谷歌账号 注册
谷歌账号注册官网进不去,Bing,谷歌账号 注册
谷歌账号注册手机无法验证,Bing,谷歌账号 注册
企业谷歌账号购买,Bing,谷歌账号 购买
谷歌美国账号购买,Bing,谷歌账号 购买
谷歌 账号 注册 方法,Google,谷歌账号 注册
谷歌账号注册最新,Google,谷歌账号 注册
谷歌账号注册最新,Bing,谷歌账号 注册
谷歌账号 注册,Google,谷歌账号 注册
谷歌 账号 注册 号码,Google,谷歌账号 注册
谷歌账号注册手机,Google,谷歌账号 注册
谷歌账号注册不用手机号,Google,谷歌账号 注册
谷歌账号注册不用手机号,Bing,谷歌账号 注册
谷歌账号注册不上,Google,谷歌账号 注册
谷歌账号注册被封,Google,谷歌账号 注册
谷歌账号注册不成功,Bing,谷歌账号 注册
谷歌账号注册必须要手机号吗,Bing,谷歌账号 注册
谷歌账号注册不了怎么办,Bing,谷歌账号 注册
谷歌账号注册b站,Bing,谷歌账号 注册
谷歌账号注册避开手机验证的方法,Bing,谷歌账号 注册
谷歌账号注册bilibili,Bing,谷歌账号 注册
谷歌账号注册帮助,Bing,谷歌账号 注册
谷歌账号注册不使用手机,Bing,谷歌账号 注册
谷歌账号注册不要手机号,Bing,谷歌账号 注册
谷歌账号注册 此电话号码无法用于进行验证,Google,谷歌账号 注册
谷歌账号注册此电话号码已用过太多次,Google,谷歌账号 注册
谷歌账号注册错误,Google,谷歌账号 注册
谷歌账号注册错误,Bing,谷歌账号 注册
谷歌注册账号,Google,谷歌账号 注册
谷歌账号注册此号码无法用于验证,Bing,谷歌账号 注册
谷歌账号注册出现二维码,Bing,谷歌账号 注册
谷歌账号注册csdn,Bing,谷歌账号 注册
谷歌账号注册成功后如何使用,Bing,谷歌账号 注册
谷歌账号注册此号码已用过太多次,Bing,谷歌账号 注册
谷歌账号注册chatgpt,Bing,谷歌账号 注册
谷歌账号注册短信发送失败,Google,谷歌账号 注册
谷歌账号注册短信发送失败,Bing,谷歌账号 注册
谷歌账号注册地,Google,谷歌账号 注册
谷歌账号注册地区,Google,谷歌账号 注册
谷歌账号注册地区,Bing,谷歌账号 注册
谷歌账号注册地址查询,Google,谷歌账号 注册
谷歌账号注册地址查询,Bing,谷歌账号 注册
谷歌账号注册短信发不出去,Google,谷歌账号 注册
谷歌账号注册短信,Google,谷歌账号 注册
谷歌账号注册地查询,Google,谷歌账号 注册
谷歌账号注册登录,Bing,谷歌账号 注册
谷歌账号注册电话号码无法验证,Bing,谷歌账号 注册
谷歌账号注册电脑,Bing,谷歌账号 注册
谷歌账号注册 短信,Bing,谷歌账号 注册
谷歌账号注册短信验证,Bing,谷歌账号 注册
谷歌账号注册短信收费,Bing,谷歌账号 注册
谷歌账号注册提示扫码,Bing,谷歌账号 注册
谷歌账号注册地区怎么看,Bing,谷歌账号 注册
谷歌账号注册二维码,Google,谷歌账号 注册
谷歌账号注册二维码,Bing,谷歌账号 注册
谷歌账号注册给谁发短信,Google,谷歌账号 注册
谷歌账号注册攻略,Google,谷歌账号 注册
谷歌 账号 注,Google,谷歌账号 注册
谷歌账号注册官网入口,Bing,谷歌账号 注册
谷歌账号注册官网步骤,Bing,谷歌账号 注册
谷歌账号注册官网技巧,Bing,谷歌账号 注册
谷歌账号注册官方指南,Bing,谷歌账号 注册
谷歌账号注册官方攻略,Bing,谷歌账号 注册
谷歌账号注册官方教程,Bing,谷歌账号 注册
谷歌账号注册官方方法,Bing,谷歌账号 注册
谷歌账号注册官方步骤,Bing,谷歌账号 注册
谷歌账号注册官方流程,Bing,谷歌账号 注册
谷歌账号注册官方须知,Bing,谷歌账号 注册
谷歌账号注册号码无法用于验证,Bing,谷歌账号 注册
谷歌账号注册后,Bing,谷歌账号 注册
谷歌账号注册后缀,Bing,谷歌账号 注册
谷歌账号注册发送短信,Google,谷歌账号 注册
谷歌账号注册发送短信,Bing,谷歌账号 注册
谷歌账号注册方法,Google,谷歌账号 注册
谷歌账号注册方法,Bing,谷歌账号 注册
谷歌账号注册发短信,Google,谷歌账号 注册
谷歌账号注册发短信,Bing,谷歌账号 注册
谷歌账号注册发送信息,Google,谷歌账号 注册
谷歌账号注册发送信息,Bing,谷歌账号 注册
谷歌账号注册发送短信不成功,Bing,谷歌账号 注册
谷歌账号注册发送验证码,Bing,谷歌账号 注册
谷歌账号注册发送sms,Bing,谷歌账号 注册
谷歌账号注册发送消息失败,Bing,谷歌账号 注册
谷歌账号注册方式,Bing,谷歌账号 注册
谷歌账号注册推特,Google,谷歌账号 注册
谷歌账号注册推特,Bing,谷歌账号 注册
谷歌账号注册机,Google,谷歌账号 注册
谷歌账号注册机,Bing,谷歌账号 注册
谷歌账号注册接码平台,Google,谷歌账号 注册
谷歌账号注册接码平台,Bing,谷歌账号 注册
谷歌账号注册接收者无效,Bing,谷歌账号 注册
谷歌账号注册就被停用,Bing,谷歌账号 注册
谷歌账号注册技巧,Bing,谷歌账号 注册
谷歌账号注册接受者无效,Bing,谷歌账号 注册
谷歌账号注册加速器推荐,Bing,谷歌账号 注册
谷歌账号注册界面,Bing,谷歌账号 注册
谷歌账号注册教学,Bing,谷歌账号 注册
谷歌账号注册镜像,Bing,谷歌账号 注册
谷歌账号注册进不去,Bing,谷歌账号 注册
谷歌账号注册美区,Google,谷歌账号 注册
谷歌账号注册美区,Bing,谷歌账号 注册
谷歌账号注册无法发送短信,Google,谷歌账号 注册
谷歌账号注册无法发送短信,Bing,谷歌账号 注册
谷歌账号注册无法验证手机号,Bing,谷歌账号 注册
谷歌账号注册密码要求,Bing,谷歌账号 注册
谷歌账号注册无法注册,Bing,谷歌账号 注册
谷歌账号注册美国,Bing,谷歌账号 注册
谷歌账号注册 无手机号,Bing,谷歌账号 注册
谷歌账号注册免费,Bing,谷歌账号 注册
谷歌账号注册美国手机号,Bing,谷歌账号 注册
谷歌账号注册无需手机号,Bing,谷歌账号 注册
谷歌账号注册流程,Google,谷歌账号 注册
谷歌账号注册流程,Bing,谷歌账号 注册
谷歌账号注册链接,Google,谷歌账号 注册
谷歌账号注册链接,Bing,谷歌账号 注册
谷歌 账号 注册 教程,Google,谷歌账号 注册
谷歌 账号 注册 页面,Google,谷歌账号 注册
谷歌账号注册line,Bing,谷歌账号 注册
谷歌账号注册临时手机号,Bing,谷歌账号 注册
谷歌账号注册可以用中国手机号吗,Google,谷歌账号 注册
谷歌账号注册可以用中国手机号吗,Bing,谷歌账号 注册
谷歌账号注册卡在手机号,Bing,谷歌账号 注册
谷歌账号注册卡在验证手机号码,Bing,谷歌账号 注册
谷歌账号注册可以用国内号码吗,Bing,谷歌账号 注册
谷歌账号注册可以用qq邮箱吗,Bing,谷歌账号 注册
谷歌账号注册可以不用手机号吗,Bing,谷歌账号 注册
谷歌账号如何注册,Google,谷歌账号 注册
谷歌账号注册能用虚拟号码吗,Bing,谷歌账号 注册
谷歌账号注册年龄不符合,Bing,谷歌账号 注册
谷歌账号注册能用中国手机号吗,Bing,谷歌账号 注册
谷歌账号注册器,Google,谷歌账号 注册
谷歌账号注册器,Bing,谷歌账号 注册
谷歌账号怎么注册,Google,谷歌账号 注册
谷歌账号注册 qq邮箱,Bing,谷歌账号 注册
谷歌账号注册全流程,Bing,谷歌账号 注册
谷歌账号注册全攻略,Bing,谷歌账号 注册
谷歌账号注册pc,Bing,谷歌账号 注册
谷歌账号注册批量,Bing,谷歌账号 注册
谷歌账号注册苹果id,Bing,谷歌账号 注册
谷歌账号注册如何跳过手机验证,Google,谷歌账号 注册
谷歌账号注册如何跳过手机验证,Bing,谷歌账号 注册
谷歌账号注册入口官网网页,Google,谷歌账号 注册
谷歌账号注册入口官网网页,Bing,谷歌账号 注册
谷歌账号注册日期,Google,谷歌账号 注册
谷歌账号注册入口官网gmail,Google,谷歌账号 注册
谷歌账号注册如何跳过手机号验证,Bing,谷歌账号 注册
谷歌账号注册入口官网进不去,Bing,谷歌账号 注册
谷歌账号注册让扫码,Bing,谷歌账号 注册
谷歌账号注册绕过手机号,Bing,谷歌账号 注册
谷歌账号注册人,Bing,谷歌账号 注册
谷歌账号注册入口官网怎么进入,Bing,谷歌账号 注册
谷歌账号注册入口手机,Bing,谷歌账号 注册
谷歌账号注册vpn,Bing,谷歌账号 注册
谷歌 账号 注册 验证 码,Google,谷歌账号 注册
谷歌账号注册跳过二维码,Google,谷歌账号 注册
谷歌账号注册跳过二维码,Bing,谷歌账号 注册
谷歌账号注册telegram,Google,谷歌账号 注册
谷歌账号注册telegram,Bing,谷歌账号 注册
谷歌账号注册跳过扫码,Bing,谷歌账号 注册
谷歌账号注册梯子,Bing,谷歌账号 注册
谷歌账号注册跳过手机号验证,Bing,谷歌账号 注册
谷歌账号注册跳过二维码验证,Bing,谷歌账号 注册
谷歌账号注册跳过手机验证2025,Bing,谷歌账号 注册
谷歌账号注册条件,Bing,谷歌账号 注册
谷歌账号注册跳过手机号码验证,Bing,谷歌账号 注册
谷歌账号注册失败,Google,谷歌账号 注册
谷歌账号注册失败,Bing,谷歌账号 注册
谷歌账号注册扫码验证,Google,谷歌账号 注册
谷歌账号注册扫码验证,Bing,谷歌账号 注册
谷歌账号注册时间查询,Google,谷歌账号 注册
谷歌账号注册手机号,Google,谷歌账号 注册
谷歌账号注册手机扫码,Google,谷歌账号 注册
谷歌账号注册手机扫码,Bing,谷歌账号 注册
谷歌账号注册收不到验证码,Google,谷歌账号 注册
谷歌账号注册 扫二维码,Google,谷歌账号 注册
谷歌账号注册使用您的手机扫描二维码,Google,谷歌账号 注册
谷歌账号注册手机扫描二维码,Google,谷歌账号 注册
谷歌账号注册扫描二维码,Bing,谷歌账号 注册
谷歌账号注册手机号次数过多,Bing,谷歌账号 注册
谷歌账号注册输入的接收者无效,Bing,谷歌账号 注册
谷歌账号注册sms,Bing,谷歌账号 注册
谷歌账号注册为什么要扫码,Google,谷歌账号 注册
谷歌账号注册网址,Google,谷歌账号 注册
谷歌账号注册网址,Bing,谷歌账号 注册
谷歌账号注册问题,Google,谷歌账号 注册
谷歌账号无法注册,Google,谷歌账号 注册
谷歌账号注册网站,Bing,谷歌账号 注册
谷歌账号注册网页,Bing,谷歌账号 注册
谷歌账号注册网页打不开,Bing,谷歌账号 注册
谷歌账号注册未到年龄,Bing,谷歌账号 注册
谷歌账号注册网站进不去,Bing,谷歌账号 注册
谷歌账号注册网址打不开,Bing,谷歌账号 注册
谷歌账号注册需要手机扫码,Google,谷歌账号 注册
谷歌账号注册需要手机扫码,Bing,谷歌账号 注册
谷歌账号注册需要手机号吗,Google,谷歌账号 注册
谷歌账号注册需要手机号吗,Bing,谷歌账号 注册
谷歌账号注册需要发短信,Google,谷歌账号 注册
谷歌账号注册x,Google,谷歌账号 注册
谷歌账号注册需要手机号,Google,谷歌账号 注册
谷歌账号注册页面,Google,谷歌账号 注册
谷歌账号注册页面,Bing,谷歌账号 注册
谷歌账号注册显示无法创建,Bing,谷歌账号 注册
谷歌账号注册需要扫码发短信,Bing,谷歌账号 注册
谷歌账号注册显示手机号无法验证,Bing,谷歌账号 注册
谷歌账号注册虚拟手机号,Bing,谷歌账号 注册
谷歌账号注册需要什么,Bing,谷歌账号 注册
谷歌账号注册要发短信,Google,谷歌账号 注册
谷歌账号注册要发短信,Bing,谷歌账号 注册
谷歌账号注册验证手机号,Google,谷歌账号 注册
谷歌账号注册验证,Google,谷歌账号 注册
谷歌账号注册邮箱,Google,谷歌账号 注册
谷歌账号注册邮箱,Bing,谷歌账号 注册
谷歌账号注册验证码,Google,谷歌账号 注册
谷歌账号注册验证码,Bing,谷歌账号 注册
谷歌账号注册要扫码怎么办,Google,谷歌账号 注册
谷歌账号注册页,Google,谷歌账号 注册
谷歌账号注册验证手机号码,Bing,谷歌账号 注册
谷歌账号注册要求扫码,Bing,谷歌账号 注册
谷歌账号注册用什么邮箱,Bing,谷歌账号 注册
谷歌账号注册要手机号,Bing,谷歌账号 注册
谷歌账号注册要求手机扫码,Bing,谷歌账号 注册
谷歌账号注册youtube,Bing,谷歌账号 注册
谷歌账号注册中国手机号无法验证2025,Google,谷歌账号 注册
谷歌账号注册账号,Google,谷歌账号 注册
谷歌账号注册账号,Bing,谷歌账号 注册
谷歌账号注册中国手机号无法验证2024,Google,谷歌账号 注册
谷歌账号注册中国,Google,谷歌账号 注册
谷歌账号注册怎么跳过手机验证,Bing,谷歌账号 注册
谷歌账号注册中国方法,Bing,谷歌账号 注册
谷歌账号注册中国步骤,Bing,谷歌账号 注册
谷歌账号注册中国手机版,Bing,谷歌账号 注册
谷歌账号注册中国手机应用,Bing,谷歌账号 注册
谷歌账号注册中国手机教程,Bing,谷歌账号 注册
辅助邮箱,Google,Gmail 辅助邮箱
gmail辅助邮箱,Google,Gmail 辅助邮箱
gmail辅助邮箱,Bing,Gmail 辅助邮箱
gmail 辅助邮箱登录,Google,Gmail 辅助邮箱
使用辅助邮箱登录gmail,Google,Gmail 辅助邮箱
gmail辅助邮箱修改,Bing,Gmail 辅助邮箱
gmail辅助邮箱有什么用,Bing,Gmail 辅助邮箱
gmail辅助邮箱用哪个,Bing,Gmail 辅助邮箱
gmail辅助邮箱怎么修改,Bing,Gmail 辅助邮箱
gmail辅助邮箱可以是qq邮箱吗,Bing,Gmail 辅助邮箱
gmail辅助邮箱注册,Bing,Gmail 辅助邮箱
gmail辅助邮箱登录,Bing,Gmail 辅助邮箱
gmail辅助邮箱验证,Bing,Gmail 辅助邮箱
gmail辅助邮箱忘记了,Bing,Gmail 辅助邮箱
gmail辅助邮箱找回密码,Bing,Gmail 辅助邮箱
gmail 辅助 邮箱,Google,Gmail 辅助邮箱
gmail 辅助 邮箱 验证,Google,Gmail 辅助邮箱
gmail 邮箱 辅助 邮箱,Google,Gmail 辅助邮箱
google 辅助 邮箱 登录,Google,Gmail 辅助邮箱
google 辅助 邮箱 验证,Google,Gmail 辅助邮箱
gmail 辅助 电话,Google,Gmail 辅助邮箱
辅助邮箱找回gmail,Google,Gmail 辅助邮箱
辅助邮箱找回gmail,Bing,Gmail 辅助邮箱
如何通过辅助邮箱找回gmail,Bing,Gmail 辅助邮箱
gmail忘记密码没有手机和辅助邮箱,Bing,Gmail 辅助邮箱
gmail更改辅助邮箱,Bing,Gmail 辅助邮箱
gmail添加辅助邮箱,Bing,Gmail 辅助邮箱
辅助邮箱不能是以 gmail.com 结尾的备用邮箱,Bing,Gmail 辅助邮箱
www.gmail.com 邮箱,Bing,Gmail 辅助邮箱
hotmail.com辅助邮箱,Bing,Gmail 辅助邮箱
